Place_Name,Description,Location,Adventure,Relax,Rural,Urban,Mountain,Historical,Food,Nature
Cam Ranh Long Beach,"Pristine beach with natural beauty, ideal for relaxing and swimming",Khanh Hoa,0,1,0,0,0,0,0,0
Ponagar Tower,"Ancient Cham architectural work, where visitors can learn about Cham history and culture",Khanh Hoa,0,0,0,1,0,1,0,0
Dien Khanh ancient citadel,"Historical site with unique ancient citadel architecture, built during the Nguyen Dynasty.",Khanh Hoa,0,0,0,0,0,1,0,0
VinWonders Nha Trang,"The amusement park on Hon Tre Island, stands out with many attractive games and activities.",Khanh Hoa,1,0,0,0,0,0,0,0
Ba Ho Stream,"Consists of three clear blue lakes located on the mountain, suitable for trekking and bathing in streams",Khanh Hoa,1,0,0,0,1,0,0,1
Phu Quoc Island,"Is the most famous tourist destination in Kien Giang, known as the ""Pearl Island"" with many beautiful beaches and high-class services.",Kien Giang,0,1,0,0,0,0,0,0
Mui Nai Beach,"Gentle beach, ideal place to relax and watch the sunset",Kien Giang,0,1,0,0,0,0,0,0
Lang Cat Pagoda,The ancient temple bears a strong Buddhist imprint.,Kien Giang,0,1,0,0,0,1,0,0
U Minh Thuong National Park,Mangrove forests with a rich ecosystem are an ideal place to explore wild nature and visit by boat,Kien Giang,1,0,0,0,0,0,0,1
Sister Su's grave,"Famous historical site, associated with the resistance war against the French.",Kien Giang,0,0,0,0,0,1,0,0
Kon Tum Wooden Church,A symbol of Kon Tum with unique architecture blending Roman style and Central Highlands culture,Kon Tum,0,0,0,0,1,0,0,0
Kon Klor Suspension Bridge,"The largest and most beautiful suspension bridge in Kon Tum, spanning the Dak Bla River, surrounded by green rice fields and mountains",Kon Tum,0,1,0,1,1,0,0,0
Chu Mom Ray National Park,"It is the largest nature reserve in Vietnam, featuring a rich ecosystem, primeval forests and rare animals.",Kon Tum,1,0,0,0,0,0,0,1
Ngoc Linh Peak,"The highest mountain in the Central Highlands, in the Truong Son range, is home to many rare flora and fauna species.",Kon Tum,0,0,0,0,1,0,0,0
Dak To Waterfall,"Located near Dak To town, this waterfall is wild and peaceful, an ideal place to relax in nature.",Kon Tum,0,1,0,0,0,0,0,1
O Quy Ho Pass,"One of the ""Four Great Passes"" of the Northwest, O Quy Ho Pass connects Lao Cai and Lai Chau, famous for its beautiful scenery and majestic heights.",Lai Chau,0,0,0,0,1,0,0,0
Pu Ta Leng peak,"The second highest mountain peak in Vietnam (3,049m), belongs to the Hoang Lien Son range, known as the ""second roof"" of Indochina.",Lai Chau,0,0,0,0,1,0,0,0
Muong Than fields,"During the ripe rice season, Muong Than fields are brilliantly golden, creating a poetic natural picture",Lai Chau,0,0,0,0,0,0,0,0
Lai Chau Hydroelectric Lake,"The giant artificial lake was created by the Lai Chau Hydroelectric project, located amidst the romantic mountain scenery.",Lai Chau,0,0,0,0,1,0,0,1
Sin Ho market,"The place where bustling trading activities of the Thai, H'Mong, Dao, Lu ethnic groups take place...",Lai Chau,0,0,0,1,0,0,1,0
Xuan Huong Lake,"A symbol of Da Lat, the lake is located right in the city center, surrounded by pine forests and flower gardens.",Lam Dong,0,0,0,1,0,0,0,1
Truc Lam Zen Monastery,"A famous Zen monastery located near Tuyen Lam Lake, with pure architecture and peaceful space.",Lam Dong,0,1,0,0,0,0,0,1
Da Lat Night Market,"Da Lat Night Market is where you can enjoy specialties such as grilled rice paper, soy milk and buy souvenirs.",Lam Dong,0,0,0,1,0,0,1,0
Bao Dai Palace,"One of the three palaces of King Bao Dai in Da Lat, with exquisite French architectural style.",Lam Dong,0,0,0,0,0,0,0,0
Elephant Falls,"Located in Nam Ban, Elephant Waterfall is majestic and wild, an ideal place for those who love to explore nature.",Lam Dong,0,0,0,0,0,0,0,1
Tam Thanh Cave,"Dubbed the ""First Eight Scenes of Lang Land"", it has interesting stalactites and many ancient relics such as the 2m high Amitabha Buddha statue carved in the 15th century.",Lang Son,1,0,0,0,0,1,0,0
Dong Kinh Market,"It is the largest commercial center in Lang Son, famous for its diverse products",Lang Son,0,0,0,1,0,0,1,0
Huu Nghi border gate,"This is a major international border gate between Vietnam and China, located on National Highway 1A.",Lang Son,0,0,0,0,0,0,0,0
Bong Lau Pass,It is a beautiful pass with winding curves and breathtaking natural scenery.,Lang Son,0,0,0,0,1,0,0,0
Tien Pagoda,"Tien Pagoda is located on Dai Tuong Mountain, associated with many legendary stories and imbued with Buddhism.",Lang Son,0,1,0,0,1,0,0,0
Fansipan Mountain Peak,"Fansipan is known as the ""Roof of Indochina"" with an altitude of 3,147m.",Lao Cai,0,0,0,0,1,0,0,0
Heaven's Gate O Quy Ho,"O Quy Ho Pass is one of the ""Four Great Passes"" of the Northwest, connecting Lao Cai and Lai Chau.",Lao Cai,0,0,0,0,1,0,0,0
Bac Ha market,"Bac Ha market is famous for brocade items, agricultural products and typical dishes of the H'Mong and Dao ethnic people.",Lao Cai,0,0,0,1,0,0,1,0
Love Falls,It is a romantic destination with clear blue water flowing through primeval forests.,Lao Cai,0,0,0,0,0,0,0,1
Thuong Temple,"It is a place to worship Tran Hung Dao, a talented general in Vietnamese history.",Lao Cai,0,1,0,0,0,1,0,0
Tan Lap floating village,"It is a large flooded Melaleuca forest, famous for its nearly 5km long path through the forest.",Long An,0,0,1,0,0,0,0,1
Hundred Pillar Ancient House,It is a unique ancient house with 120 exquisitely carved precious wooden columns.,Long An,0,0,0,0,0,1,0,0
Ton Thanh Pagoda,"This pagoda is where Mr. Nguyen Dinh Chieu once lived and composed the oration ""Orientation for the martyr Can Giuoc"".",Long An,0,1,0,0,0,0,0,0
Vam Co River,"Two large rivers flow through Long An, creating a unique river beauty.",Long An,0,0,0,0,0,0,0,0
Tan An Night Market,It is the ideal place to enjoy local cuisine and shop for Long An specialties,Long An,0,0,0,1,0,0,1,0
Phu Nhai Church,"It is one of the largest and most ancient churches in Vietnam, with a unique Gothic architectural style.",Nam Dinh,0,0,0,0,0,1,0,0
Tran Temple,"Located in Loc Vuong ward, Nam Dinh city, Tran temple worships the Tran kings, associated with the heroic history of this dynasty.",Nam Dinh,0,1,0,1,0,1,0,0
Xuan Thuy National Park,"This is a nature reserve located in Giao Thuy district, in the lower reaches of the Red River.",Nam Dinh,1,0,0,0,0,0,0,1
Vieng Market,This is a special market that only takes place once a year on the night of the 7th and early morning of the 8th of the first lunar month.,Nam Dinh,0,0,0,1,0,0,1,0
Ho Vi Xuyen,"The lake is located in Nam Dinh city, is an ideal place to relax, take a walk, and enjoy the green and peaceful space.",Nam Dinh,0,1,0,1,0,0,0,1
Lotus Village,"It is a simple thatched house, Coc well, and memorabilia associated with Uncle Ho's childhood.",Nghe An,0,0,1,0,0,0,0,0
Cua Lo Beach,"One of the most beautiful beaches in the Central region, Cua Lo attracts tourists with fine white sand, clear blue sea water and fresh seafood.",Nghe An,0,1,0,0,0,0,1,0
Truong Bon relic site,"It is an important historical site, a place to commemorate the heroic martyrs who sacrificed their lives in the resistance war against the US.",Nghe An,0,0,0,0,0,1,0,0
Thanh Chuong tea hill,"Dubbed the ""tea island"", Thanh Chuong tea hill is an ideal place to take photos and enjoy fresh air.",Nghe An,0,0,0,0,1,0,0,0
Tham Om Cave,"It is a large cave, with many magical stalactites and unique shapes.",Nghe An,1,0,0,0,0,0,0,0
Trang An,"As a World Cultural and Natural Heritage, Trang An stands out with its majestic mountain scenery and unique cave system.",Ninh Binh,1,0,0,0,1,0,0,0
Tam Coc,"Dubbed ""Ha Long Bay on land"", with beautiful natural scenery of limestone mountains, rice fields, and Ngo Dong river.",Ninh Binh,0,0,0,0,1,0,0,0
Hoa Lu ancient capital,"As the capital of Dai Co Viet under the Dinh and Early Le dynasties, Hoa Lu preserves many important historical relics.",Ninh Binh,0,0,0,0,0,1,0,0
Cuc Phuong National Park,"It is Vietnam's first national park with rich flora and fauna, thousand-year-old trees and prehistoric caves.",Ninh Binh,1,0,0,0,0,0,0,1
Ho Dong Chuong,"Dong Chuong Lake is a natural lake located in the middle of a pine forest, very peaceful and poetic.",Ninh Binh,0,1,0,0,0,0,0,1
Vinh Hy Bay,"One of the four most beautiful bays in Vietnam, Vinh Hy impresses with its clear blue sea, fine white sand, and brilliant coral reefs.",Ninh Thuan,0,0,0,0,0,0,0,0
Nui Chua National Park,"It is a nature reserve with a unique dry forest ecosystem, recognized by UNESCO as a World Biosphere Reserve.",Ninh Thuan,1,0,0,0,0,0,0,1
Po Klong Garai Tower,"This is the place to worship King Po Klong Garai, demonstrating the sophisticated architecture and sculpture of the Cham people.",Ninh Thuan,0,0,0,1,0,0,0,0
Ninh Thuan vineyard,These are famous vineyards with many grape products produced here,Ninh Thuan,0,0,0,0,0,0,0,0
Ba Be Lake,"This is a large saltwater lake in Ninh Thuan, home to many rare aquatic species",Ninh Thuan,0,0,0,0,0,0,0,1
Hung Temple,"It is a special national historical relic site, where the Hung Kings - the first founders of the Vietnamese people are worshiped.",Phu Tho,0,1,0,0,0,1,0,0
Hung Lo ancient village,"Famous for ancient houses hundreds of years old, and traditional crafts such as making banh chung and banh giay.",Phu Tho,0,0,1,0,0,1,0,0
Green Pearl Island,"It is an eco-tourism area combined with a resort, with fresh natural landscapes, water parks, thrilling games and hot springs.",Phu Tho,1,1,0,0,0,0,0,1
Xuan Son National Park,"It is one of the largest nature reserves in the North, featuring a tropical forest ecosystem and rich flora and fauna.",Phu Tho,1,0,0,0,0,0,0,1
Thanh Thuy hot spring,This is an area with modern resort and treatment services.,Phu Tho,0,1,0,0,0,0,0,1
Ganh Da Dia,"A unique natural wonder, Ganh Da Dia features basalt columns stacked like saucers.",Phu Yen,0,0,0,0,0,0,0,0
Hon Yen,"It is a small island with pristine landscape, highlighted by beautiful coral reefs.",Phu Yen,0,0,0,1,0,0,0,1
Dai Lanh lighthouse,"It is the easternmost point of Vietnam, the place to welcome the first sunrise on the mainland",Phu Yen,0,0,0,0,0,0,0,0
Triem Duc hot spring,It is an interesting destination to relax and soak in warm mineral water.,Phu Yen,0,0,0,0,0,1,0,1
Nhan Tower,"Nhan Tower, located on Nhan Mountain in Tuy Hoa city, is an ancient and sacred Cham architectural work.",Phu Yen,0,0,0,1,1,1,0,0
Phong Nha Cave,"Phong Nha - Ke Bang, recognized by UNESCO as a World Natural Heritage.",Quang Binh,1,0,0,0,0,0,0,0
Da Nhay Beach,It is a prominent place with uniquely shaped rocks on the beach.,Quang Binh,0,1,0,0,0,0,0,0
Temple of Holy Mother Lieu Hanh,It is a sacred place to worship saints in Vietnamese folk beliefs.,Quang Binh,0,1,0,0,0,0,0,0
Memorial house of General Vo Nguyen Giap,It is a place to store memorabilia associated with General Vo Nguyen Giap's childhood.,Quang Binh,0,0,0,0,0,0,0,0
Chay River,"An ideal destination for adventure lovers, Chay River combines the beauty of rivers and caves.",Quang Binh,1,0,0,0,0,0,0,0
Hoi An ancient town,"The houses are ancient and have unique architecture such as: houses with stone roofs, but the golden walls bring beauty.
peaceful. In particular, you can relax and walk along the narrow paths around the Hoai River",Quang Nam,0,1,1,0,0,1,0,0
An Bang Beach,"Possessing a peaceful, pristine beauty with golden beaches, blue sea, extremely cool and fresh climate.",Quang Nam,0,1,0,0,0,0,0,0
Chien Dan Tower,"Understand more about Champa culture, own a house displaying typical sculptures, countless rare items",Quang Nam,0,0,0,1,0,0,0,0
Cinnamon Peak,"With an altitude of 1400km, considered the most beautiful mountain of the majestic Truong Son, you can immerse yourself in the majestic landscape.
beautiful nature. You feel like you are lost in a fairyland, extremely peaceful and romantic. Especially along the way to reach Que Peak, you will in turn own beautiful pictures at Azut heaven gate, Ra-ai waterfall or Co Tu community.",Quang Nam,0,1,0,0,1,0,0,1
My Son Sanctuary,"A valley with a diameter of 2km, this place is surrounded by mountains and hills, extremely hidden. This location used to be a place for worshiping 
Champa dynasty. Discover so many precious heritages when coming here.",Quang Nam,0,0,0,0,1,0,0,0
Thien An Mountain,"It is a mountain that has long been famous for its majestic scenery and brings an extremely great historical value, with poetic beauty.
The dreaminess and gentleness it brings is a special feature that attracts tourists every year.",Quang Ngai,0,0,0,0,1,0,0,0
My Khe Beach,"One of the most attractive beaches on the planet, there are many beautiful sea view hotels suitable for enjoying your vacation.",Quang Ngai,0,1,0,0,0,0,0,0
Sa Huynh salt field,"The most important salt pan in our beloved Central region, white salt flats, coming here you will experience daily activities.
of the people here, promises to bring you experiences very different from tourist activities such as going to the forest or going to the sea.",Quang Ngai,0,0,0,0,0,0,0,1
White Falls,"The scenery here is impressive with pristine, fresh mountains and forests, waterfalls pouring down in the middle of a landscape surrounded by countless trees, rivers and streams with white foam.",Quang Ngai,0,0,0,0,1,0,0,1
Vi O Lach Pass,"Located more than 1,300m above sea level, the winding roads along with the poetic atmosphere always bring beautiful beauty and the rows of green grass growing on both sides of the road when visitors go up the pass are the most impressive and interesting features.",Quang Ngai,0,0,0,0,1,0,0,0
Ha Long Bay,"It is one of the world natural heritage sites recognized by UNESCO. With an area of 1553km2, nearly 2000 large and small islands, 
Ha Long Bay is blessed by nature with a system of caves and rocky islands that are both diverse and beautiful.",Quang Ninh,1,0,0,1,0,0,0,0
Bai Chay Beach,"Bai Chay always attracts many tourists to visit, experience and swim. The beach also has additional sea sports activities such as canoeing, parasailing or inflatable houses so that visitors can enjoy more advanced services.",Quang Ninh,0,1,0,0,0,0,0,0
Ha Long Park,"When traveling to Ha Long, you definitely should not miss Sun World Halong Park - a famous entertainment complex for all ages. If you have ever been to VinWonders, Ha Long Park is also a similar paradise, but much more bustling.",Quang Ninh,1,0,0,0,0,0,0,0
Cua Van fishing village,"Not only can visitors enjoy the quiet and peaceful space here, visitors also have more knowledge about the cultural and daily life of fishermen. The fishermen here are extremely friendly and hospitable. Passengers can row basket boats, fish, squid fishing... to better understand the life of fishermen.",Quang Ninh,0,1,1,0,1,0,0,0
Thien Cung Cave,"With a complex, multi-layered structure, the stalactites here have many strange shapes. This cave has been invested
 Full lighting system. Images of birds, flowers, and images of people's daily activities are carved inside the cave. Many archaeological vestiges have been found that demonstrate important historical values ​​through the ages.",Quang Ninh,1,0,0,0,0,0,0,0
Truong Son National Martyrs Cemetery,"The place marks the losses, demonstrating the most brutal things of foreign invaders. This place has gone down in history, a symbol of tragedy and heroism of patriots who put independence and national destiny first.",Quang Tri,0,0,0,0,0,1,0,0
Vinh Moc Tunnels,"This project is deep underground, dug by people during the resistance war against the US. The tunnels include many areas such as schools, logistics warehouses, hospitals, military areas and family areas.",Quang Tri,0,0,0,0,0,1,0,0
Cua Tung Beach,"Coming to this beach in the summer, you will see the peaceful beauty of blue sea and white sand. The quiet scene at sunset makes many hearts fascinated.",Quang Tri,0,1,0,0,0,0,0,0
Vien Thao Mien flower hill,"Stands out with its brilliant flower fields that bloom all year round. The weather here is extremely cool so growing flowers is quite convenient. Quang Tri tourist destination has enough roses, daisies, and yellow mustard flowers. In particular, if you love buckwheat flowers, you cannot miss Mien Vien Thao flowers.",Quang Tri,0,0,0,0,1,0,0,0
Cu Vo Peak,"Very suitable for groups of friends going on trips. Extremely attractive to young people who come to hunt clouds. In the early morning, standing at the mountain, white clouds open before your eyes. The moment the sunlight shines down is truly beautiful.",Quang Tri,0,0,0,0,1,0,0,0
Nga Nam floating market,"Selling all kinds of items from food to necessities. Most special of all, we cannot help but mention the boats/boats filled with tropical fruits 
typical zones depending on the season.",Soc Trang,0,0,0,1,0,0,1,0
Bat Pagoda,The architecture of this pagoda is considered typical of Khmer Theravada Buddhism. The pagoda was built in the 16th century but up to now the entire building is still in good condition and is still an important religious place for people in the region. The special thing when coming here is that visitors will see thousands of quite large bats hanging on trees in the temple grounds as if they were familiar with this place.,Soc Trang,0,1,0,0,0,0,0,0
Tan Long stork garden,With pristine natural scenery and diverse flora and fauna ecosystem. Especially rare stork species.,Soc Trang,0,0,0,0,0,0,0,1
Lake Be Beach,"This area was formed by alluvial deposits and seawater intrusion, creating a large low-lying lake. Beach
 This lake is also blessed by nature with a kilometer long white sand bank. Because tourism has not been exploited yet, the beach still retains its wild and natural features, bringing peace and freedom to visitors.",Soc Trang,0,1,0,0,0,0,0,1
Som Rong Pagoda,"It is a particularly important place not only due to religious beliefs, but also because this temple has a large library with more than 1,500 books, serving children and relatives in this place. The stupa is covered in a mysterious gray color instead of the usual yellow; The reclining Buddha statue is more than 63 meters long, about 28 meters above the ground, plus a height of 22 meters, making the statue extremely majestic; Som Rong Pagoda is often chosen by many tourists to visit",Soc Trang,0,1,0,0,0,0,0,0
Moc Chau,"with specialties being the seasons of banyan flowers, cherry blossoms, plum blossoms, yellow mustard flowers... filled with fragrance. Moc Chau is also the most classic name when it comes to tourism in the Northwest region with its picturesque trekking routes",Son La,1,0,0,0,0,0,0,0
Ngu Dong Ban Ong,"This is a system of 5 caves that was first discovered by local people in 2006. Because there are not many tourist services here, the caves still retain their wild and mysterious beauty. The inside of the cave is dotted with giant stalactites with unique shapes.",Son La,1,0,0,0,0,0,0,0
Pine forest in Ang village,"The forest has a total area of ​​up to 43 hectares with fresh air and rolling green pine scenery that looks very cool. 
You can experience camping overnight in the pine forest of Ang village to enjoy the cold air and enjoy peace.",Son La,0,0,1,0,0,0,0,1
Dai Yem Waterfall,"The waterfall is more than 100m high, divided into 2 main floors. The first floor has a total of 9 steps, the second floor has 5 steps. From April to October every year, when a lot of water flows in, it creates strong streams, creating beautiful white foam.",Son La,0,0,0,0,0,0,0,1
Ta Xua peak,"From the top, you can admire the surrounding majestic scenery with strips of green terraced fields, looming in the distance is the roof of kitchen smoke leaves, your hands can touch the clouds and sky.",Son La,0,0,0,0,1,0,0,0
Ba Den Mountain,"Ba Den Mountain is also known as the ""roof"" of the South with the highest peak of 986 m, an area of ​​24 km². If you love the immense beauty of heaven and earth and want to admire the beautiful scenery from above, you can choose to travel by cable car from the foot of the mountain to the top of the mountain.",Tay Ninh,0,0,0,0,1,0,0,0
Tay Ninh Holy See,"The Holy See is a tourist destination in Tay Ninh for backpackers who want to learn about the typical culture and architecture here. The design style of the building is extremely unique, the details are intricately carved and bring many symbols to the culture of this land.",Tay Ninh,0,0,0,0,0,0,0,0
Dau Tieng Lake,"Dau Tieng Lake was built with the purpose of providing water for daily life. In addition, this place is also an extremely hot tourist destination with a peaceful, poetic landscape like in a fairy tale. You will be immersed in the beautiful natural scenery with charming mountains, gentle clouds and sky, and the immense blue of the water and sky. The undulating rocky rapids around the oasis on the lake are a stopping point and also a beautiful background for you to live virtually.",Tay Ninh,0,1,0,0,1,0,0,1
Chop Mat Tower,"This tower has a very special architecture that is built gradually smaller upwards but does not have a top. The Oc Eo people are very skillful and intelligent when building projects; they do not use any cement as a binding material. When coming here to visit, visitors can comfortably check in in an extremely peaceful and nostalgic space of this Tay Ninh tourist destination.",Tay Ninh,0,1,0,1,0,1,0,0
Lo Go - Xa Mat National Park,"Coming here, visitors can see rare species of animals and plants that you rarely have the opportunity to see in real life. There are many rare animal species listed in the red book. In addition, visitors can also experience many activities such as cycling through the forest, exploring the forest by river,...",Tay Ninh,1,0,0,0,0,0,0,1
Keo Pagoda,"Keo Pagoda in Thai Binh is ranked as the most beautiful ancient pagoda in Vietnam. The pagoda was built according to ancient architecture from the Le Dynasty. For that reason, Keo Pagoda is considered one of the check-in places in Thai Binh that you must definitely visit.",Hoa Binh,0,1,0,0,0,1,0,0
Dong Chau Beach,"If you want to keep the wild beauty intact, come to Dong Chau beach. With a 5km stretch of sandy beach embracing the vast, green sea, it has become a unique tourist destination in the North Central region. The watchtowers undulating on the water create a truly charming scene.",Hoa Binh,0,1,0,1,0,0,0,0
Con Den Beach,"The most beautiful image of the sea and the wildness of the primeval forest. In particular, at dawn and dusk, the beauty here becomes strangely charming, this is also the moment most sought after by many people. With the fresh beauty from the air to the clear blue sea and white sand, this is truly a great background.",Hoa Binh,0,1,0,0,0,0,0,1
Bac Trach Church,"This is one of the largest churches in Vietnam today with ornate patterns following Roman architecture. 
With this beauty, Bac Trach Church is definitely a unique Thai Binh check-in place for you.",Hoa Binh,0,0,0,0,0,0,0,0
Hoi mat weaving village,"Famous for traditional craft villages nearly hundreds of years old.  You will also learn more about the simple life of the people in the village. And you will be introduced to the process of creating a traditional mat, from harvesting and processing sedge to the finished product. These experiences will be an unforgettable memory of your trip.",Hoa Binh,0,0,1,0,0,0,0,0
Nui Coc Lake,"Visitors can experience riding a basket boat, explore the Fairy World and Underworld cave, Ba Cay Pine cave, visit the Causal Theory complex - Golden Thac Thieng Pagoda, the largest Buddhist temple in the North with a Guniess record.",Thai Nguyen,1,1,0,0,0,0,0,1
Tan Cuong tea hill,"One of the famous Thai Nguyen tourist destinations that certainly cannot be forgotten is Tan Cuong tea hill. This is a place that attracts the attention of many tourists thanks to its beautiful natural landscape, covered with a cool green color. Anyone who comes to Tan Cuong tea hill to travel can feel the freshness deep within their soul, helping you feel more comfortable than ever.",Thai Nguyen,0,0,0,0,1,0,0,1
Ho Mai Mieu,"This place is likened to an extremely impressive watercolor painting with charming mountain scenery that captivates people's hearts. Temple of Literature Lake stands out with its wide lake surface, clear lake water combined with the surrounding majestic landscape, creating a more poetic and attractive scene than ever. Just because there has not been a strong focus on tourism exploitation, Vai Mieu Lake has kept its wild and lyrical beauty intact, making many people fascinated.",Thai Nguyen,0,1,0,0,1,0,0,1
Linh Son Cave,"Linh Son Cave in Thai Nguyen province has a spacious area, in the summer it is very cool and in the winter it will be extremely warm. The cave is located in the middle of a large rocky mountain, so the people here chose to build a Buddhist temple. Every full moon and first day, people from Thai Nguyen and many other neighboring provinces will come here to offer incense to Buddha very bustlingly.",Thai Nguyen,1,1,0,0,1,1,0,0
Bitter Dat Waterfall,"You will feel like you are stepping into a new space, completely away from the hustle and bustle of the city. The majestic mountains and forests, the cool blue water are impressive things that make you feel truly relaxed and want to enjoy this rare peace forever.",Thai Nguyen,0,1,0,1,1,0,0,1
Suoi Hieu,"Located between the lush green forest and peaceful rice fields, Hieu stream flows quietly every day, creating an extremely poetic check-in location in Thanh Hoa. Like a rose with thorns, the stream has a captivating beauty but has the ability to temporarily petrify whatever falls down due to its very high lime content.",Thanh Hoa,0,1,0,0,0,0,0,1
Pu Luong terraced fields,Coming to Thanh Hoa without setting foot in the Pu Luong terraced fields to check-in is a huge mistake. Pu Luong terraced fields are both the pride of our people and a super hot check-in location in Thanh Hoa.,Thanh Hoa,0,0,0,0,0,0,0,0
Cam Thuy God Fish Stream,"Suoi Ca Than is a place associated with the beliefs of the Muong ethnic people, because this place has a particularly dense population. Currently, Fish Stream has also become one of the unique and famous check-in locations in Thanh Hoa that you can add to your itinerary.",Thanh Hoa,0,0,0,0,0,0,0,0
Ben En National Park,"is home to many rare species of flora and fauna such as green lim, incense burner, cypress... black bear, land phoenix... Ben En National Park is considered the green lung of Thanh Hoa because of its endless green forests. And mixed in with that green color are caves and rugged high rocky mountains that have created the most unique and poised check-in locations in Thanh Hoa.",Thanh Hoa,1,0,0,0,1,0,0,1
Ho Dynasty Citadel,Peach and is made up of countless stalactite shapes. Deep inside the cave there is also a small lake creating an extremely poetic picture.,Thanh Hoa,1,0,0,1,0,0,0,1
Hue Citadel,"Located on the North bank of the romantic and lyrical Perfume River, Hue Citadel has unique royal art architecture and moat gardens. It is also the administrative and political center of the Nguyen Dynasty and the royal king's living place in the past.",Thua Thien Hue,0,0,0,0,0,1,0,0
Thien Mu Pagoda,"This pagoda is a famous Hue attraction and indispensable in every tourist's journey to explore Hue. About 5km west of Hue city center, with another name is Linh Mu pagoda, the pagoda is located on Ha Khe hill, overlooking the romantic Perfume River. The pagoda has a long-standing ancient beauty with spacious grounds, peaceful scenery and especially the 7-storey Phuoc Duyen tower in the front yard of the pagoda, which is considered a typical symbol of Hue city.",Thua Thien Hue,0,1,0,1,1,1,0,0
Tomb of Khai Dinh,"When talking about Hue, people cannot help but mention the mausoleums of the Nguyen Dynasty. Your tour will be more interesting if you do not visit the Tomb of Khai Dinh. Visitors will be able to admire the pinnacle of the art of creating very sophisticated porcelain and glass by the hands of ancient artisans, because. It can be said that Khai Dinh mausoleum is a unique combination of sophisticated East and West architecture.",Thua Thien Hue,0,0,0,0,0,1,0,0
Minh Mang Tomb,"Minh Mang Tomb, also known as Hieu Lang, is located on Cam Khe mountain, near Bang Lang junction, where the Huu Trach and Ta Trach streams converge to form the Perfume River, 12 km from the ancient capital of Hue. Minh Mang Tomb was built from 1840 to 1843 when it was completed, mobilizing up to ten thousand workers and soldiers.",Thua Thien Hue,0,0,0,0,1,1,0,0
Trang Tien Bridge,"One of the oldest bridges in Hue and has become a tourism symbol of Hue is none other than the Trang Tien Bridge spanning the romantic Perfume River and is also a beautiful ""muse"" of many domestic writers and artists.",Thua Thien Hue,0,1,0,1,0,0,0,0
Tan Thanh Beach,"With clear blue water and white sand, Tan Thanh beach possesses a very unique beauty with a black sand beach more than 7km long. Along the beach is a typical blue wharf and nets set up by people to catch fish, clams...",Tien Giang,0,1,0,0,0,0,0,0
My Thuan Bridge,"After 3 years of construction, My Thuan Bridge was inaugurated in 2000 and is the first cable-stayed bridge in Vietnam. With its massive and unique architecture, the bridge has become a check-in location for many generations. Whether you travel by motorbike or car, you can arrange a schedule to pass by here and admire the beauty of the bridge. In particular, when night falls, the bridge will become more prominent with its lighting and decoration system!",Tien Giang,0,0,0,1,1,0,0,0
Cai Be Church,"Possessing typical Roman architecture, Cai Be church not only plays an important role in the religious life of the people here but is also an attractive tourist destination in Tien Giang. The most prominent feature of Cai Be church is the bell tower, considered the tallest in the Mekong Delta region. In addition, the front of the church faces the confluence of Cai Be River as if embracing the whole world. The campus is arranged with many trees, providing a beautiful landscape",Tien Giang,0,0,0,1,0,0,0,1
Linh Vu Pagoda,"This is one of the pagodas with the oldest history in Tien Giang province. More specifically, this place is associated with the story of King Gia Long's escape from death that has been passed down through many generations. This is one of the pagodas with the oldest history in Tien Giang province. More specifically, this place is associated with the story of King Gia Long's escape from death that has been passed down through many generations.",Tien Giang,0,1,0,0,1,1,0,0
Holy See Church,"The church is located at 32 Hung Vuong Street, Ward 7, City. My Tho. More than 100 years old and undergoing many restorations, Tien Giang Cathedral still retains its ancient beauty with sophisticated motifs and typical Greek revival architecture.",Tien Giang,0,0,0,1,0,1,0,0
Ben Thanh Market,"This is one of the most famous tourist destinations in Ho Chi Minh City, located right in the city center and is always bustling with people coming in and out to buy and sell, with tourists checking in every day. Ben Thanh Market sells all kinds of items from food, fabrics, clothes, household appliances, Saigon specialties,... and most importantly, the extremely attractive food court at the market and impressive check-in corners will make you always want to stay here for a long time.",Ho Chi Minh City,0,0,0,1,0,0,1,0
Doc Lap Palace,"This place was recognized as one of Vietnam's 10 special national monuments in 2009. Independence Palace is a place to display and store valuable images and artifacts from the 19th century according to different themes. In particular, this place still retains the original interior of important rooms such as the stateroom, cabinet room,...",Ho Chi Minh City,0,0,0,0,0,0,0,0
Notre Dame Cathedral,"Also located right in the center of District 1, Notre Dame Cathedral is a tourist destination in Ho Chi Minh City that you must definitely visit. Notre Dame Cathedral is a unique architectural work with European style, a place to live and organize Masses for Catholics in Saigon.",Ho Chi Minh City,0,0,0,1,0,0,0,0
Vietnam History Museum,"The Vietnam History Museum was built and operated since the early 20th century, and is a place to store and preserve images and antiques from early times to the present. The Vietnam History Museum attracts most tourists who love history and architecture that blend two unique Asian and European styles.",Ho Chi Minh City,0,0,0,1,0,1,0,0
Cu Chi Tunnels,"This place is a special national monument, associated with the history of the Vietnam War, used to be an important base and also a common living place including infirmary, kitchen, workplace, etc. of our army in the resistance war against invaders, to regain territorial integrity. Besides, inside the Cu Chi tunnels, their lives are also recreated through very realistic and impressive models of people and animals. This place is one of the attractive destinations of Ho Chi Minh tours that you should not miss on your trip.",Ho Chi Minh City,0,0,0,0,0,1,0,0
Tra Su Melaleuca Forest,The most beautiful and famous Melaleuca forest in Vietnam,An Giang,0,0,0,0,0,0,0,1
Ho Soai So,The largest artificial lake in An Giang,An Giang,0,0,0,0,0,0,0,1
Lau Pagoda,It is a temple with a history of more than 130 years,An Giang,0,1,0,0,0,1,0,0
Ba Chua Xu Temple,Ba Chua Xu Temple is one of the most famous spiritual places in An Giang,An Giang,0,1,0,0,0,0,0,0
Truc Lam Zen Monastery,It is an extremely attractive spiritual and tourist destination in the West,An Giang,0,0,0,0,0,0,0,0
Dinh Mountain Vung Tau,"Dinh Mountain stands out with steep cliffs, creating a majestic natural picture",Ba Ria - Vung Tau,0,0,0,0,1,0,0,0
Back Beach,Back Beach is known as one of the largest and most beautiful beaches in Vietnam,Ba Ria - Vung Tau,0,1,0,0,0,0,0,0
Ho Tram,It is one of the most beautiful beaches in the Southern region,Ba Ria - Vung Tau,0,1,0,0,0,0,0,0
Suoi Oh,"This place is famous for its rare beauty, with both freshwater springs and saltwater beaches blending together in the same area.",Ba Ria - Vung Tau,0,1,0,0,0,0,0,1
Con Dao Vung Tau,"An archipelago famous for its pristine natural beauty, but also rich in history with relics associated with the war period.",Ba Ria - Vung Tau,0,0,0,0,0,1,0,0
Bo Da ancient pagoda,It is one of the most famous and unique ancient pagodas in the Kinh Bac region,Bac Giang,0,1,0,0,0,1,0,0
Thum Thum Waterfall,It is a wild and beautiful destination in the heart of nature,Bac Giang,0,0,0,0,0,0,0,1
Cam Son Lake,It is one of the largest freshwater lakes in Northern Vietnam,Bac Giang,0,0,0,0,0,0,0,1
Trung Temple,This is one of the three main temples worshiping the Hung Kings and is associated with the Vietnamese nation's founding legend,Bac Giang,0,1,0,0,0,0,0,0
Ho Khuon Than,It is an ideal destination with poetic natural beauty and fresh air,Bac Giang,0,0,0,0,0,0,0,0
Ba Be Lake,Ba Be Lake is the largest freshwater lake in Vietnam,Bac Kan,0,0,0,0,0,0,0,1
Puong Cave,It is a beautiful cave with magnificent stalactites,Bac Kan,1,0,0,0,0,0,0,0
Dau Dang Waterfall,This is an ideal eco-tourism destination.,Bac Kan,0,0,0,0,0,0,0,1
Pac Ngoi village,"This is a village of the Tay people, outstanding with its traditional culture",Bac Kan,0,0,1,0,0,0,0,0
Fairy Cave,"This is a magnificent cave with stalactites of diverse shapes, associated with the legend of a beautiful fairy.",Bac Kan,1,0,0,0,0,0,0,0
Quan De Pagoda,"It is an ancient temple, worshiping Quan Cong - a famous general in Chinese history",Bac Lieu,0,1,0,0,0,1,0,0
Bac Lieu Beach,Bac Lieu Beach has a long coastline and is a wonderful tourist resort destination in the Southwest region,Bac Lieu,0,1,0,0,0,0,0,0
Ancient Mango Tree,"This is an old mango tree, considered a symbol of longevity and prosperity.",Bac Lieu,0,0,0,0,0,1,0,0
Bac Lieu Prince's House,"This house used to be the residence of the Prince of Bac Lieu, a famous figure in history.",Bac Lieu,0,0,0,0,0,1,0,0
Thai Duong Clock,"Thai Duong Clock is a special architectural work in Hanoi, carrying symbolic meanings of time and the universe.",Bac Lieu,0,0,0,0,0,0,0,0
Phat Tich Temple,"This is one of the ancient temples, associated with the history of Vietnamese Buddhism.",Bac Ninh,0,1,0,0,0,1,0,0
But Thap Pagoda,"But Thap Pagoda located in Bac Ninh, is a famous pagoda with unique architecture and Guanyin Buddha statue.",Bac Ninh,0,1,0,0,0,0,0,0
Dong Ho painting village,"Dong Ho Painting Village in Bac Ninh is a famous place for producing folk paintings, with paintings reflecting Vietnamese rural life.",Bac Ninh,0,0,1,0,0,0,0,0
Temple of Lady Kho,"Ba Chua Kho Temple in Bac Ninh is a place to worship Ba Chua Kho, one of the most sacred worshiped deities in Vietnam.",Bac Ninh,0,1,0,0,0,0,0,0
Ninh Hiep Market,"Ninh Hiep Market is one of the most famous markets in the North, specializing in trading fabric and clothing items.",Bac Ninh,0,0,0,1,0,0,1,0
Con Phung tourist area,"Con Phung is located in Ben Tre, notable for its lush river scenery, coconut gardens and eco-tourism activities.",Ben Tre,0,0,0,0,0,0,0,0
Nguyen Dinh Chieu's mausoleum area,Nguyen Dinh Chieu's mausoleum in Ben Tre is the resting place of the famous poet and writer.,Ben Tre,0,0,0,0,0,0,0,0
Tuyen Linh Pagoda,Tuyen Linh Pagoda in Quang Ninh is a famous pagoda with peaceful landscape and unique architecture.,Ben Tre,0,1,0,0,0,0,0,1
Roman Church,"The Roman Church in Hanoi is a Western architectural work, outstanding with its characteristic Gothic style.",Ben Tre,0,0,1,0,0,0,0,0
Ba Ngoi garden eco-tourism area,"It is a prominent eco-tourism area in Ben Tre, attracting tourists with its green space, pristine nature and attractive entertainment activities.",Ben Tre,0,1,0,0,0,0,0,0
Quy Nhon beach,"Quy Nhon beach is one of the beautiful beaches of the Central region, famous for its fine white sand and clear blue sea water.",Binh Dinh,0,1,0,0,0,0,0,0
Bien Ky Co,"Ky Co Beach belongs to Quy Nhon, famous for its pristine beach, clear blue water and beautiful coral reefs",Binh Dinh,0,1,0,0,0,0,0,0
Cu Lao Xanh,"Cu Lao Xanh is a beautiful and pristine island in Binh Dinh, with clear blue water and nature that has not been exploited much.",Binh Dinh,0,0,0,0,0,0,0,0
Dam Thi Nai,"Thi Nai Lagoon in Binh Dinh is one of the largest lagoons in the Central region, standing out with its quiet natural scenery",Binh Dinh,0,1,0,0,0,0,0,0
Hon Kho,"Hon Kho is a small island located near Quy Nhon, famous for its beautiful beaches and clear water, attracting tourists to visit and swim.",Binh Dinh,0,1,0,1,0,0,0,0
Tibetan Temple,"Tibetan Temple is a famous temple in Binh Duong, attracting tourists with its unique architecture and pure space.",Binh Duong,0,1,0,0,0,0,0,0
Dai Nam tourist area,"Dai Nam tourist area is a complex including parks, amusement parks, and other attractions, prominent in Binh Duong, attracting many tourists to visit and entertain.",Binh Duong,1,0,0,0,0,0,0,0
Dau Tieng Lake,"Dau Tieng Lake is the largest artificial lake in Binh Duong, famous for its pristine natural landscape and is an ideal place for fishing and yachting activities.",Binh Duong,0,0,0,0,0,0,0,1
Binh Duong New City Park,"Binh Duong New City Park is a green space, an ideal place for sports activities, walking and relaxation.",Binh Duong,1,1,0,1,0,0,0,0
Chau Thoi Pagoda,"Chau Thoi Pagoda is a famous pagoda in Binh Duong, imbued with Buddhist culture and a peaceful setting, suitable for spiritual sightseeing activities.",Binh Duong,0,1,0,0,0,0,0,0
Ba Ra Mountain,"The highest mountain in Binh Phuoc, there is a cable car leading to the top",Binh Phuoc,0,0,0,0,1,0,0,0
Bu Lach grassland,"A large, green grassland, surrounded by primeval forests and lakes",Binh Phuoc,0,0,0,0,0,0,0,1
Ta Thiet relic area,"The place preserves many historical marks of the Vietnam War, with relics such as command bunkers and military warehouses",Binh Phuoc,0,0,0,0,0,1,0,0
Thac Mo Lake,Large artificial lake with beautiful natural landscape,Binh Phuoc,0,0,0,0,0,0,0,1
Binh Phuoc cashew craft village,"Binh Phuoc is famous as the cashew capital, where visitors can visit traditional cashew processing villages and learn about the production process.",Binh Phuoc,0,0,1,0,0,0,0,0
Poshanu Cham Tower,"Ancient architectural works of the Cham people, with unique historical and cultural value",Binh Thuan,0,0,0,1,0,1,0,0
Ke Ga Lighthouse,"One of the oldest lighthouses in Vietnam, located on a small island in the middle of the sea",Binh Thuan,0,0,0,1,0,0,0,0
Bau Trang,"Large freshwater lake in the middle of white sand, also known as the ""sub-Saharan desert"" of Vietnam.",Binh Thuan,0,0,0,0,0,0,0,1
Mui Ne Fishing Village,"Traditional coastal fishing village area, where you can admire the bustling boats and experience buying fresh seafood directly from fishermen.",Binh Thuan,0,0,1,0,0,0,1,0
Hon Rom,"The beach is famous for its clear blue water, long smooth sand and peaceful atmosphere",Binh Thuan,0,1,0,0,0,0,0,0
Ca Mau Cape,"The southernmost point of Vietnam, home to a national landmark symbol and a unique mangrove ecosystem",Ca Mau,0,0,0,0,0,0,0,1
U Minh Ha National Park,The flooded Melaleuca forest is famous for its diverse ecosystem. This is the habitat of many rare species of animals and plants,Ca Mau,1,0,0,0,0,0,0,1
Silver Stone,"The island cluster is located close to the coast, featuring naturally stacked rocks and a rich marine ecosystem",Ca Mau,0,0,0,0,0,0,0,1
Dam Thi Tuong,"Dubbed the ""sea and lake in the middle of the plain"", this is the largest natural lagoon in the West",Ca Mau,0,0,0,0,0,0,0,1
Uncle Ho Temple,"Important spiritual place, where Ca Mau people pay their respects to President Ho Chi Minh",Ca Mau,0,1,0,0,0,0,0,0
Cai Rang Floating Market,"The largest and most famous floating market in the Southwest region, a bustling trading place on the river. Visitors can experience river culture, shop for specialties and enjoy cuisine on the boat.",Can Tho,0,0,0,1,0,0,1,0
Can Tho Bridge,"The largest cable-stayed bridge in Southeast Asia, connecting Can Tho and Vinh Long. This is a famous and iconic check-in point of the Southwest region.",Can Tho,0,0,0,1,0,0,0,0
Ong De Ecotourism Village,"Attractive destination with green landscape, folk games, boating, and enjoying Western specialties.",Can Tho,0,0,1,0,0,0,0,1
Ong Pagoda,"The ancient temple has Chinese architecture, is famous for its sacredness and is the place to worship Quan Cong. This is a unique cultural sightseeing and beautiful check-in location.",Can Tho,0,1,0,0,0,1,0,0
Con Son,"Famous river ecological area, where visitors can visit raft fishing villages, learn to make folk cakes and experience the garden lifestyle.",Can Tho,0,0,1,0,0,0,0,0
Ban Gioc Waterfall,"One of the most beautiful and largest waterfalls in Southeast Asia, located on the Vietnam - China border. The waterfall is divided into many levels with clear blue water, creating a majestic scene.",Cao Bang,0,0,0,0,0,0,0,1
Nguom Ngao Cave,"The cave is more than 2.1km long, featuring a unique stalactite system and magical landscape. The cave is located near Ban Gioc waterfall, which is an ideal destination to explore.",Cao Bang,1,0,0,0,0,0,0,1
Magic Eye Mountain,"The unique mountain with a large hole in the middle, is called ""God's Eye."" This is a famous check-in point with beautiful mountain views.",Cao Bang,0,0,0,0,1,0,0,0
Tran Hung Dao forest relic,"Place where the Vietnam Liberation Army Propaganda Team was founded in 1944, the origin of the Vietnam People's Army. The relic site has great historical value.",Cao Bang,0,0,0,0,0,1,0,1
Phuc Sen forging village,The traditional craft village is famous for its high quality cutlery products. Visitors can tour the blacksmithing process and shop for handmade products.,Cao Bang,0,0,1,0,0,0,0,0
Ba Na Hills,"A mountaintop resort with a cool climate, famous for its unique Golden Bridge, classic French village and Fantasy Park indoor amusement park.",Da Nang,1,1,1,1,1,0,0,0
Dragon Bridge,"A symbol of Da Nang city, the bridge has a dragon design that breathes fire and water on weekends. This is a check-in point and a beautiful view of the Han River.",Da Nang,0,0,0,1,0,0,0,0
Ngu Hanh Son,"Limestone mountain cluster includes 5 mountains with caves, pagodas, and beautiful natural scenery. Highlights are Huyen Khong cave and Tam Thai pagoda.",Da Nang,1,1,0,0,1,0,0,0
My Khe Beach,"One of the most beautiful beaches on the planet, famous for its fine white sand and clear blue sea, an ideal place for swimming and water sports activities.",Da Nang,0,1,0,0,0,0,0,0
Love Bridge,"A small bridge on the Han River with a romantic design, where couples often hang love keychains. From here, you can see the Dragon Carp statue.",Da Nang,0,0,0,1,0,0,0,0
Ao Ba braised,"Ba Om Pond is a natural lake, surrounded by hundreds of years old trees with roots emerging into interesting shapes. This is a peaceful tourist destination, associated with Khmer legends and culture.",Tra Vinh,0,1,0,0,0,0,0,1
Hang Pagoda,Hang Pagoda is famous not only for its unique architecture but also for its exquisite wood sculptures by Khmer artisans. This temple is an ideal stop for those who want to explore Khmer art and culture.,Tra Vinh,0,1,0,0,0,0,0,0
Ba Dong Beach,"Pristine beach with fine sand and gentle waves, Ba Dong is a suitable place to relax and enjoy fresh seafood dishes. This is one of the rare beaches in the Southwest region.",Tra Vinh,0,1,0,0,0,0,1,0
Khmer Culture Museum,"The museum displays artifacts and documents about the life, culture, art and history of the Southern Khmer people, helping visitors understand more about this ethnic community.",Tra Vinh,0,0,0,1,0,1,0,0
Vam Ray Pagoda,"As the largest Khmer pagoda in Vietnam, Vam Ray Pagoda impresses with its brilliant golden architecture, giant reclining Buddha statue and quiet space.",Tra Vinh,0,1,0,0,0,0,0,0
Ban Ba ​​Waterfall,"Ban Ba ​​Waterfall in Trung Ha commune, Chiem Hoa district, is a cluster of waterfalls with 3 main levels falling from a height of about 40 m. The waterfall is surrounded by pristine forests, clear blue water and cool climate all year round. This is the ideal destination to immerse yourself in nature.",Tuyen Quang,0,0,0,0,0,0,0,1
Tuyen Quang Hydroelectric Lake,"Na Hang Lake is likened to ""Ha Long in the mountains"", featuring a clear blue lake surface, rolling limestone islands, and surrounding primeval forests. Visitors can explore landmarks such as Khuoi Nhi waterfall, Pac Ta temple, and join a sightseeing cruise.",Tuyen Quang,0,1,0,0,1,0,0,1
Lower Temple - Upper Temple - Y La Temple,"These are three sacred temples in Tuyen Quang city, associated with the Vietnamese belief in Mother Goddess worship. The temples are famous for their ancient architecture and solemn space, attracting many pilgrims.",Tuyen Quang,0,1,0,1,0,1,0,0
My Lam mineral spring,"My Lam mineral spring is famous for its natural hot mineral water, which has healing and relaxing effects. This is an attractive resort, combining health therapy and beautiful natural scenery.",Tuyen Quang,0,1,0,0,0,0,0,1
Khuoi Nhi Waterfall,"Khuoi Nhi waterfall in Na Hang area is one of the most beautiful waterfalls in Tuyen Quang. White waterfall water falls from a great height, blending with majestic nature to create a poetic scene.",Tuyen Quang,0,0,0,0,0,0,0,1
Cu Lao An Binh,"Cu Lao An Binh is a typical horticultural area of ​​the Southwest region, famous for fruit orchards such as rambutan, durian, and mangosteen. Visitors can participate in canoeing, visit traditional craft villages and enjoy rustic cuisine.",Vinh Long,0,0,1,0,0,0,1,0
Tien Chau Pagoda,"Tien Chau Pagoda is located on An Binh island, is an ancient pagoda with bold Buddhist architecture. The temple has a quiet, peaceful space, attracting many Buddhists and tourists to worship.",Vinh Long,0,1,0,0,0,1,0,0
My Thuan Bridge,"My Thuan Bridge is a prominent symbol of the West, connecting Vinh Long and Tien Giang. This modern cable-stayed bridge is an ideal check-in point, especially at night with bright lights.",Vinh Long,0,0,0,1,0,0,0,0
Vinh Sang tourist area,"Vinh Sang tourist area is located on An Binh island, an ideal place to experience folk games, participate in crocodile fishing, canoeing, or explore fruit gardens.",Vinh Long,0,0,0,0,0,0,0,0
Van Thanh Temple,"Van Thanh Temple is an ancient building, meaning to honor Confucianism and talented people. The temple grounds have many trees, creating a quiet and peaceful space.",Vinh Long,0,1,0,0,0,1,0,0
Tam Dao,"Tam Dao is a famous resort with a cool climate all year round, located on the Tam Dao mountain range. It has many attractions such as the TV Tower, Stone Church, and Tam Dao night market. Guests can enjoy beautiful mountain views and local cuisine.",Vinh Phuc,0,1,0,1,1,0,1,0
Ho Dai Lai,"Dai Lai Lake is a large artificial lake, surrounded by pine forests and mountains. This is an ideal destination to participate in activities such as boating, camping, fishing or relaxing at lakeside resorts.",Vinh Phuc,0,1,0,0,1,0,0,1
Huong Canh Pottery Village,"Huong Canh Pottery Village is a traditional craft village famous for its sophisticated handmade ceramic products, especially household and artistic ceramic products. Visitors can visit and experience pottery making here.",Vinh Phuc,0,0,1,0,0,0,0,0
FLC Vinh Thinh tourist area,"FLC Vinh Thinh is a high-class resort with luxurious and comfortable space. It has diverse services such as swimming pools, spas, golf courses, and restaurants, suitable for family vacations.",Vinh Phuc,0,1,0,0,0,0,1,0
Dam Vac eco-tourism area,"Dam Vac is one of the largest natural lagoons in Vinh Phuc, with a diverse ecosystem. Visitors can participate in activities such as boating, sightseeing, fishing, or rest at resorts along the lagoon.",Vinh Phuc,0,1,0,0,0,0,0,1
Mu Cang Chai terraced fields,"Mu Cang Chai stairs are a masterpiece of nature and labor of the H'Mong ethnic people, famous for their majestic beauty, especially in the ripe rice season (September - October). This is a National Heritage and one of the most attractive destinations in Vietnam.",Yen Bai,0,0,0,0,0,0,0,0
Thac Ba Lake,"Thac Ba Lake is one of the largest artificial lakes in Vietnam, surrounded by hundreds of small islands and beautiful mountain landscapes. Visitors can participate in activities such as boating, camping, or exploring caves around the lake.",Yen Bai,1,0,0,1,1,0,0,1
Suoi Giang,"Suoi Giang is famous for its ancient Shan Tuyet tea trees hundreds of years old and its cool climate all year round. This is the ideal place to enjoy tea, enjoy fresh air and learn about the culture of the Mong people.",Yen Bai,0,0,0,0,0,1,0,0
Lim Mong village,"Lim Mong village is a small village located among beautiful mountains and terraced fields. This is where visitors can experience the life of the H'Mong people, enjoy peace and fresh air.",Yen Bai,0,0,1,1,1,0,0,0
Thien Cung Cave,"Thien Cung Cave is located in the Thac Ba Lake area, famous for its shimmering stalactite system and magical scenery inside the cave. This is an attractive attraction for those who love exploring caves.",Yen Bai,1,0,0,0,0,0,0,1
Buon Don,"Buon Don, located in Dak Lak province, Vietnam, is a land famous for its unique culture and majestic natural scenery. This is the land of the Ede and Mnong ethnic people, where you can discover unique cultures and interesting activities",Dak Lak,0,0,0,0,0,0,0,0
Lak Lake,"Lak Lake is a large lake in Vietnam, located in the northwest of Lam Dong province. This lake is known for its beautiful natural landscape and rich biodiversity. Lak Lake is also a destination that attracts tourists with activities such as scuba diving, fishing, and yachting",Dak Lak,1,0,0,0,0,0,0,1
Dray Nur Waterfall,"Dray Nur Waterfall, located in Dak Lak province, is one of the most beautiful and majestic waterfalls of the Central Highlands. This waterfall is located on the Serepok river, famous for its wild and mysterious beauty",Dak Lak,0,0,0,0,1,0,0,1
World Coffee Museum,"World Coffee Museum, located in Buon Ma Thuot, Dak Lak, is an attractive destination for those who love coffee and want to learn about global coffee culture.",Dak Lak,0,0,0,1,0,1,0,0
Ko Tam tourist area,"Ko Tam tourist area, located in Buon Ma Thuot, Dak Lak, is an outstanding ecological and cultural destination of the Central Highlands. With an area of ​​about 13 hectares, Ko Tam offers visitors a wild and peaceful natural space, along with the unique cultural features of the Ede ethnic people.",Dak Lak,0,1,0,0,1,0,0,0
Dak Nong Geopark,"Dak Nong Geopark is famous for its unique volcanic cave system, including nearly 50 caves with a total length of more than 10,000 meters. Dak Nong Geopark is not only a place to preserve geological values, but also a place to preserve and introduce the culture of indigenous ethnic groups such as the Ma, Mnong and Ede people.",Dak Nong,1,0,0,0,0,0,0,0
Dray Sap Waterfall,"Dray Sap Waterfall, also known as Smoke Waterfall, is one of the most beautiful and majestic waterfalls of the Central Highlands",Dak Nong,0,0,0,0,1,0,0,1
Chu Bluk Cave,"Chu Bluk Cave, located in Krong No district, Dak Nong province, is the longest volcanic cave system in Southeast Asia. Chu Bluk Cave stands out for its wild and mysterious beauty, with unique basalt structures and a rich ecosystem. This is an ideal destination for those who love exploration and adventure, because accessing the cave is not easy and requires guidance from local people.",Dak Nong,1,0,0,0,0,0,0,1
Ea Sno Lake,"Ea Sno Lake is surrounded by a rich and diverse plant ecosystem, and is home to many indigenous ethnic communities. The scenery here brings a feeling of peace and relaxation",Dak Nong,0,0,0,0,0,0,0,1
Nam Nung Nature Reserve,"The reserve is located in Dak Nong province, famous for its diverse ecosystem including primeval forests, majestic waterfalls and many rare flora and fauna species. This is an ideal location for nature exploration, trekking, and ecological research activities.",Dak Nong,1,0,0,0,0,0,0,1
Hill A1,"Hill A1 is one of the important historical relics in the Dien Bien Phu campaign, where fierce battles took place. Currently, this place has become a tourist attraction with a fighting bunker, a trench system and the preservation of many historical artifacts.",Dien Bien,0,0,0,0,1,1,0,0
De Castries Tunnel,This was the residence and command of General De Castries during the Dien Bien Phu campaign. The tunnel was built solidly and is now a historical relic preserved to recreate the battlefield of the past.,Dien Bien,0,0,0,0,0,1,0,0
Dien Bien Phu Victory Museum,"The museum preserves artifacts, documents and images of the Dien Bien Phu campaign, recreating the heroic history of the Vietnamese people. This is a destination not to be missed when visiting Dien Bien.",Dien Bien,0,0,0,1,0,1,0,0
Muong Thanh fields,"The largest rice field in the Northwest region, famous for its poetic beauty and important role in the history of the Dien Bien Phu campaign. The landscape here changes with the seasons, attracting many tourists to admire.",Dien Bien,0,0,0,0,0,1,0,1
Dien Bien Phu Victory Monument,"The monument is located on hill D1, a symbol of the historic victory of Dien Bien Phu. This is a place to honor the sacrifices and victories of Vietnamese soldiers, and is also a panoramic view of Dien Bien city.",Dien Bien,0,0,0,1,1,0,0,0
Cat Tien National Park,"One of the most famous national parks in Vietnam, located in Dong Nai province. This place possesses a rich ecosystem with many rare flora and fauna species, along with activities such as forest exploration, bird watching and picnics.",Dong Nai,1,0,0,0,0,0,0,1
Buu Long tourist area,"Considered a ""miniature Ha Long Bay"" in Dong Nai, Buu Long stands out with its clear blue lake, rocky mountains and poetic landscape. This is an ideal place for picnics, camping and photography.",Dong Nai,0,0,0,0,1,0,0,1
Tri An Lake,"Tri An Lake with over 70 large and small islands, many of which are inhabited, plus a few large islands that have been exploited for tourism in the past ten years have become the highlight of Tri An river and water.",Dong Nai,0,0,0,1,0,0,0,1
Eagle Island,"An island located in the middle of Tri An lake, possessing a green and fresh space. Eagle Island is an attractive destination for picnicking, camping, and enjoying nature.",Dong Nai,0,1,0,0,0,0,0,1
Giang Dien Waterfall,"A beautiful waterfall in Dong Nai, surrounded by cool green forests. Giang Dien Waterfall is an attractive eco-tourism destination for relaxation activities, picnics and commemorative photos.",Dong Nai,0,0,0,0,0,0,0,1
Tram Chim National Park,"National park in Dong Thap, which preserves the typical wetland ecosystem of the Mekong Delta. Tram Chim is home to many rare bird species, especially red-crowned cranes.",Dong Thap,1,0,0,0,0,0,0,1
Sa Dec flower village,"Famous traditional craft village in Dong Thap, where hundreds of beautiful and precious flower species are grown. The flower village attracts tourists with brilliant flower gardens all year round.",Dong Thap,0,0,1,0,0,0,0,0
Xeo Quyt relic site,"A historical relic combined with eco-tourism in Dong Thap, where revolutionary bases are recreated in the Melaleuca forest during the resistance war.",Dong Thap,0,0,0,0,0,1,0,1
Mausoleum of Nguyen Sinh Sac,"The resting place of Mr. Nguyen Sinh Sac, father of President Ho Chi Minh. The mausoleum is designed in harmony between architecture and natural landscape.",Dong Thap,0,0,0,0,0,0,0,1
Cao Lanh Market,"A bustling market in Cao Lanh city, where visitors can explore culinary culture and local people's lives.",Dong Thap,0,0,0,1,0,0,1,0
Tonle Sap Lake,"A bustling market in Cao Lanh city, where visitors can explore culinary culture and local people's lives.",Gia Lai,0,0,0,1,0,0,1,1
Phu Cuong Waterfall,"A beautiful waterfall in Gia Lai, located in the middle of a primeval forest. The waterfall stands out with its white water flowing from a height of more than 45m.",Gia Lai,0,0,0,0,0,0,0,1
Minh Thanh Pagoda,"Famous temple in Gia Lai, built in Japanese Buddhist style, with unique architecture and pure space.",Gia Lai,0,1,0,0,0,0,0,0
Great Solidarity Square,"The largest square in the Central Highlands, located in Pleiku, Gia Lai. This is where major events are held and is also a symbol of national unity.",Gia Lai,0,0,0,0,1,0,0,0
Bau Can tea hill,"Bau Can tea hill in Gia Lai is one of the oldest tea hills in Vietnam, outstanding with long green tea beds, bringing peaceful beauty. This is the ideal destination to relax and take photos amidst the fresh natural space.",Gia Lai,0,1,0,0,1,0,0,0
Lung Cu flagpole,"Lung Cu flagpole, located in the northernmost part of Vietnam (Ha Giang), is a sacred symbol of national sovereignty. Visitors conquer nearly 800 steps to admire the red flag with yellow star flying on the majestic mountain top.",Ha Giang,0,0,0,0,1,0,0,0
Ma Pi Leng Pass,"Ma Pi Leng Pass is a majestic road in Ha Giang, with the emerald Nho Que River winding below. This is an attraction for backpackers and tourists who love wild natural beauty.",Ha Giang,0,0,0,0,1,0,0,0
Dong Van ancient town,Dong Van ancient town (Ha Giang) preserves ancient architecture with houses with earthen walls and yin-yang tile roofs. The bustling weekend market is an attractive cultural highlight.,Ha Giang,0,0,1,1,0,1,1,0
Tu San Alley,"Tu San Alley, the deepest place in Southeast Asia, stands out with 800m high cliffs and the blue Nho Que river. Visitors can row boats to explore this magnificent scenery.",Ha Giang,0,0,0,0,0,0,0,0
Cat King's Palace,"King Meo Palace (Ha Giang) is an ancient mansion of the Vuong family, with a unique architectural combination of Chinese, French and H'Mong ethnic culture, attracting many tourists.",Ha Giang,0,0,0,0,0,1,0,0
Tam Chuc Pagoda,"Tam Chuc Pagoda (Ha Nam) is one of the largest pagoda complexes in Vietnam, standing out with its majestic architecture and beautiful natural landscape. Surrounded by mountains and clear blue lakes, this is a place that attracts Buddhists and tourists.",Ha Nam,0,1,0,0,1,0,0,1
Tran Thuong Temple,"Tran Thuong Temple (Ha Nam) worships the Tran kings, standing out with its ancient architecture and pure space. The temple is a cultural and spiritual destination, attracting tourists during the festival season.",Ha Nam,0,1,0,0,0,1,0,0
Luon Cave,"Luon Cave, located in the Ha Long relic area, Quang Ninh, is famous for its magnificent cave system. Visitors can row boats into the cave and explore the wild beauty of nature.",Ha Nam,1,0,0,0,0,1,0,0
Lanh Giang Temple,"Lanh Giang Temple (Hung Yen) is a historical relic worshiping heroic kings, rich in cultural and historical value. This is a prominent spiritual tourist destination in the North.",Ha Nam,0,1,0,0,0,1,0,0
Vu Dai Village,"Vu Dai village (Ha Nam) is famous for its association with the work ""Chi Pheo"" by writer Nam Cao. This place has ancient houses, is a cultural tourist destination, where traditional cultural beauty is preserved.",Ha Nam,0,0,1,0,0,1,0,0
Ho Chi Minh Mausoleum,"President Ho Chi Minh Mausoleum (Hanoi) is where the body of President Ho Chi Minh is kept, becoming a symbol of respect and gratitude of the Vietnamese people.",Hanoi,0,0,0,0,0,0,0,0
Sword Lake,"Sword Lake (Hanoi) is the center of the capital, notable for its Turtle Tower and The Huc Bridge. This is an attractive tourist destination, where people relax and is a symbol of Hanoi.",Hanoi,0,0,0,1,0,0,0,1
Temple of Literature - National Tu Giam,"Temple of Literature - Quoc Tu Giam (Hanoi) is a historical and cultural relic, a place of worship for Confucius and the first university in Vietnam. This is an educational and cultural attraction.",Hanoi,0,1,0,0,0,1,0,0
Imperial Citadel of Thang Long,"The Imperial Citadel of Thang Long (Hanoi) is an important historical site in Vietnam, once the center of power for many dynasties. This relic bears a strong mark of national history and culture.",Hanoi,0,0,0,0,0,1,0,0
Long Bien Bridge,"Long Bien Bridge (Hanoi) is one of the oldest bridges, imbued with historical value. The bridge connects the two banks of the Red River and is a symbol of the capital.",Hanoi,0,0,0,1,0,0,0,0
Dong Loc intersection,Dong Loc intersection (Ha Tinh) is a famous historical site associated with the resistance war against the US. This is a place to commemorate the martyrs who died in the war.,Ha Tinh,0,0,0,0,0,1,0,0
Huong Tich Pagoda,Dong Loc intersection (Ha Tinh) is a famous historical site associated with the resistance war against the US. This is a place to commemorate the martyrs who died in the war.,Ha Tinh,0,1,0,0,0,1,0,0
Thien Cam Beach,"Thien Cam Beach (Ha Tinh) is a beautiful beach with long sandy beaches and clear blue sea water, where visitors can relax and participate in marine sports activities.",Ha Tinh,0,1,0,0,0,0,0,0
Nguyen Du relic site,"Nguyen Du relic site (Ha Tinh) is a place to commemorate the great poet Nguyen Du, author of ""The Tale of Kieu"". This monument preserves the cultural and historical values ​​of his life and career.",Ha Tinh,0,0,0,0,0,1,0,0
Ngang Pass,"Ngang Pass (Quang Binh) is one of the most beautiful passes in Vietnam, connecting the two provinces of Quang Binh and Ha Tinh. The pass has majestic and poetic scenery.",Ha Tinh,0,0,0,0,1,0,0,0
Chi Lang Nam Stork Island,"Chi Lang Nam Stork Island (Hai Duong) is an outstanding nature reserve area with thousands of storks living. This is an ideal eco-tourism destination, with a peaceful space and beautiful landscape.",Hai Duong,0,1,0,0,0,0,0,1
Con Son Pagoda,"Con Son Pagoda (Hai Duong) is a historical and cultural relic, outstanding with ancient architecture and pure space. This place is one of the famous spiritual tourist destinations in the North.",Hai Duong,0,1,0,0,0,1,0,0
Qinghai Water Puppet Village,Thanh Hai Water Puppet Village (Hai Duong) is a place to preserve and develop traditional water puppetry art. Visitors can enjoy unique puppet shows in a rich folk culture space.,Hai Duong,0,1,1,0,0,0,0,0
Kiep Bac Temple,"Kiep Bac Temple (Hai Duong) is the place to worship Hung Dao Dai Vuong Tran Quoc Tuan, who had great contributions in the war against Nguyen. The temple is rich in historical and cultural value.",Hai Duong,0,1,0,0,0,1,0,0
Dong Ngo Quyen Market,Dong Ngo Quyen Market (Hai Phong) is a famous traditional market with a variety of products and bustling atmosphere. The market is a trading place for locals and tourists.,Hai Duong,0,0,0,1,0,0,1,0
Do Son,Do Son (Hai Phong) is a beautiful beach famous for its mountains and blue sea. This is a beach resort with water sports activities and relaxation under the sun.,Hai Phong,0,1,0,0,1,0,0,0
Cat Ba,Cat Ba (Hai Phong) is a famous island with beautiful beaches and diverse ecosystems. This place is an ideal destination for those who love eco-tourism and the sea.,Hai Phong,0,1,0,0,0,0,0,1
Ben Nghieng - Wharf K15,"Ben Nghieng (Bent K15) (Quang Ninh) is a famous port, associated with war history. This is one of the important historical sites of the North.",Hai Phong,0,0,0,0,0,1,0,0
Hon Dau Lighthouse,"Hon Dau Lighthouse (Hai Phong) is an ancient lighthouse, located on Hon Dau Island. This is one of the important lighthouses in the Gulf of Tonkin region.",Hai Phong,0,0,0,0,0,1,0,0
Hoang Van Thu Bridge,Hoang Van Thu Bridge (Hai Phong) is a vital bridge connecting areas in the city. The bridge stands out with its modern architecture and is the main tourist destination for tourists.,Hai Phong,0,0,0,1,0,0,0,0
Lung Ngoc Hoang tourist area,Lung Ngoc Hoang tourist area (Hau Giang) is an outstanding nature reserve with a mangrove ecosystem. This is an ideal destination for those who love eco-tourism and plant and animal research.,Hau Giang,0,0,0,0,0,0,0,1
Nga Bay floating market,Nga Bay floating market (Hau Giang) is one of the famous floating markets in the West. Visitors can experience shopping on the river and explore the unique floating market culture.,Hau Giang,0,0,0,1,0,0,1,0
Vinpearl Hau Giang amusement park,"Vinpearl Hau Giang Amusement Park is a modern entertainment area, with many attractive games for the whole family. This is an ideal destination for travelers looking for entertainment and relaxation.",Hau Giang,1,0,0,0,0,0,0,0
Tan Long stork garden,"Tan Long Stork Garden (Vinh Long) is an ecological conservation area, where thousands of storks live. Visitors can watch flocks of storks flying in a peaceful space.",Hau Giang,0,1,0,0,0,0,0,0
Cai Lon River,"Cai Lon River (Ca Mau) is a long river, flowing through the Western provinces. This place has a rich ecosystem and is an outstanding eco-tourism destination of the Mekong Delta.",Hau Giang,0,0,1,0,0,0,0,1
Thung Nai,"Thung Nai (Hoa Binh) is a famous tourist area with majestic natural scenery, including a large lake and surrounding mountains. This is an ideal place for tourists who love eco-tourism and participating in outdoor activities such as boating.",Hoa Binh,0,0,0,0,1,0,0,1
Mai Chau,"Mai Chau (Hoa Binh) is a beautiful valley, famous for its stilt houses and pristine natural scenery. Mai Chau attracts tourists because of its fresh air, plus the unique culture of the Thai ethnic people.",Hoa Binh,0,0,0,0,0,0,0,0
Silver Stone Cave,Da Bac Cave (Quang Ninh) is an outstanding natural cave with strange limestone blocks and mysterious beauty. Visitors can explore the stalactite system and unique rock formations in the quiet space of the cave.,Hoa Binh,1,1,0,0,0,0,0,0
Nine waterfalls Tu Son,Nine waterfalls Tu Son (Ha Giang) is a system of 9 large and small waterfalls located in the middle of pristine nature. This is an ideal destination for those who love to explore and learn about waterfalls amidst the mountains and forests.,Hoa Binh,0,0,0,1,1,0,0,1
Thac Bo Temple,"Thac Bo Temple (Hoa Binh) is a historical relic, worshiping female general Cao Thi Lich. The temple is located near Bo waterfall, has a mysterious scenery and is a sacred place, attracting tourists to visit and pray.",Hoa Binh,0,1,0,0,0,1,0,1
Pho Hien,"Pho Hien (Hung Yen) is a famous old town with historical architectural works. This is an attractive destination for tourists who want to learn about history, culture and enjoy local cuisine.",Hung Yen,0,0,0,0,0,1,1,0
Chuong Pagoda,"Chuong Pagoda (Hanoi) is an ancient temple with unique architecture, located in a spacious and peaceful campus. This is a famous pilgrimage site, attracting many Buddhists and tourists to visit.",Hung Yen,0,1,0,0,0,1,0,0
Long Thuong bronze casting village,Long Thuong bronze casting village (Hanoi) is famous for its long-standing traditional bronze casting craft. Visitors can visit the production process of handicraft copper products and learn about the history of the craft village.,Hung Yen,0,0,1,0,0,1,0,0
Phu Ung Temple,"Phu Ung Temple (Hung Yen) is a historical relic, worshiping Saint Phu Ung, who helped King Hung in the wars. The temple is located in a large campus, with a pure and sacred space.",Hung Yen,0,1,0,0,0,1,0,0
Nom village communal house,"Nom village communal house (Hung Yen) is a unique cultural relic, outstanding with traditional architecture and folk festival activities. This is a destination that attracts tourists to explore traditional cultural values.",Hung Yen,0,0,1,0,0,1,0,0
